IniFile;Submodel;EntityType;EntityName;Units;Value;Option;Comment
Q:\WHEAT\INI\Proj_HeatNewNames\95_06\HEAT_95_06_BehandlungN240.ini;HumeWheatPartitioning1;State;C_Residues;[gC/m2];0;NA;Amount of carbon in crop residues
Q:\WHEAT\INI\Proj_HeatNewNames\95_06\HEAT_95_06_BehandlungN240.ini;HumeWheatPartitioning1;State;CropHeight;[m];0;NA;Crop height
Q:\WHEAT\INI\Proj_HeatNewNames\95_06\HEAT_95_06_BehandlungN240.ini;HumeWheatPartitioning1;State;DMfineroot;[g.m-2];0;NA;Total fine root dry matter in crop
Q:\WHEAT\INI\Proj_HeatNewNames\95_06\HEAT_95_06_BehandlungN240.ini;HumeWheatPartitioning1;State;DMtotal;[g.m-2];0;NA;Total aboveground dry matter in crop
Q:\WHEAT\INI\Proj_HeatNewNames\95_06\HEAT_95_06_BehandlungN240.ini;HumeWheatPartitioning1;State;GRNWT_pl;[g/plant];0;NA;Grain dry weight per plant
Q:\WHEAT\INI\Proj_HeatNewNames\95_06\HEAT_95_06_BehandlungN240.ini;HumeWheatPartitioning1;State;LFWT_pl;[g/plant];0;NA;Leaf dry weight per plant
Q:\WHEAT\INI\Proj_HeatNewNames\95_06\HEAT_95_06_BehandlungN240.ini;HumeWheatPartitioning1;State;N_Residues;[gN/m2];0;NA;Amount of nitrogen in crop residues
Q:\WHEAT\INI\Proj_HeatNewNames\95_06\HEAT_95_06_BehandlungN240.ini;HumeWheatPartitioning1;State;NcLeafWinter;[%];4.51;NA;
Q:\WHEAT\INI\Proj_HeatNewNames\95_06\HEAT_95_06_BehandlungN240.ini;HumeWheatPartitioning1;State;NcStemWinter;[%];4.01;NA;
Q:\WHEAT\INI\Proj_HeatNewNames\95_06\HEAT_95_06_BehandlungN240.ini;HumeWheatPartitioning1;State;NGrain_pl;[g/plant];0;NA;Grain nitrogen amount per plant
Q:\WHEAT\INI\Proj_HeatNewNames\95_06\HEAT_95_06_BehandlungN240.ini;HumeWheatPartitioning1;State;NLeaf_pl;[g/plant];0;NA;Leaf nitrogen per plant
Q:\WHEAT\INI\Proj_HeatNewNames\95_06\HEAT_95_06_BehandlungN240.ini;HumeWheatPartitioning1;State;NRoot_pl;[g/plant/d];0;NA;Root nitrogen amount per plant
Q:\WHEAT\INI\Proj_HeatNewNames\95_06\HEAT_95_06_BehandlungN240.ini;HumeWheatPartitioning1;State;NSen_pl;[g/plant];0;NA;Senescing nitrogen per plant
Q:\WHEAT\INI\Proj_HeatNewNames\95_06\HEAT_95_06_BehandlungN240.ini;HumeWheatPartitioning1;State;NShoot_pl;[g/plant];0;NA;Nitrogen per plant
Q:\WHEAT\INI\Proj_HeatNewNames\95_06\HEAT_95_06_BehandlungN240.ini;HumeWheatPartitioning1;State;NStem_pl;[g/plant];0;NA;Stem nitrogen per plant
Q:\WHEAT\INI\Proj_HeatNewNames\95_06\HEAT_95_06_BehandlungN240.ini;HumeWheatPartitioning1;State;NStoragepool_pl;[g/plant];0;NA;Amount of nitrogen in storage pool per plant
Q:\WHEAT\INI\Proj_HeatNewNames\95_06\HEAT_95_06_BehandlungN240.ini;HumeWheatPartitioning1;State;NUptake;[kg/ha];0;NA;N uptake per hectare
Q:\WHEAT\INI\Proj_HeatNewNames\95_06\HEAT_95_06_BehandlungN240.ini;HumeWheatPartitioning1;State;potGrainN_pl;[g/Plant];0;NA;
Q:\WHEAT\INI\Proj_HeatNewNames\95_06\HEAT_95_06_BehandlungN240.ini;HumeWheatPartitioning1;State;RTWT_pl;[g/plant];0;NA;Root dry weight per plant
Q:\WHEAT\INI\Proj_HeatNewNames\95_06\HEAT_95_06_BehandlungN240.ini;HumeWheatPartitioning1;State;SEEDRV;[g/plant];0;NA;Seed reserve dry weight per plant
Q:\WHEAT\INI\Proj_HeatNewNames\95_06\HEAT_95_06_BehandlungN240.ini;HumeWheatPartitioning1;State;Senwt_pl;[g/plant];0;NA;Senescing dry weight per plant
Q:\WHEAT\INI\Proj_HeatNewNames\95_06\HEAT_95_06_BehandlungN240.ini;HumeWheatPartitioning1;State;STMWT_pl;[g];0;NA;Stem dry weight per plant
Q:\WHEAT\INI\Proj_HeatNewNames\95_06\HEAT_95_06_BehandlungN240.ini;HumeWheatPartitioning1;State;TempSum;[g/plant];0;NA;
Q:\WHEAT\INI\Proj_HeatNewNames\95_06\HEAT_95_06_BehandlungN240.ini;HumeWheatPartitioning1;Variable;ActNUptake_m2;[g/m2/d];0;NA;
Q:\WHEAT\INI\Proj_HeatNewNames\95_06\HEAT_95_06_BehandlungN240.ini;HumeWheatPartitioning1;Variable;actPlantNupTake_m2;[g/m2/d];0;NA;actual plant N uptake rate
Q:\WHEAT\INI\Proj_HeatNewNames\95_06\HEAT_95_06_BehandlungN240.ini;HumeWheatPartitioning1;Variable;Assiflow;[g/m2/d];0;NA;assimilate flow for DM partitioning
Q:\WHEAT\INI\Proj_HeatNewNames\95_06\HEAT_95_06_BehandlungN240.ini;HumeWheatPartitioning1;Variable;DaysEffGF;[d];0;NA;days from BBCH65 unitil LAI=0
Q:\WHEAT\INI\Proj_HeatNewNames\95_06\HEAT_95_06_BehandlungN240.ini;HumeWheatPartitioning1;Variable;DMTrans_pl;[g/plant];0;NA;
Q:\WHEAT\INI\Proj_HeatNewNames\95_06\HEAT_95_06_BehandlungN240.ini;HumeWheatPartitioning1;Variable;FFINEROOT;[-];0;NA;fraction assimilates allocated to fine root growth
Q:\WHEAT\INI\Proj_HeatNewNames\95_06\HEAT_95_06_BehandlungN240.ini;HumeWheatPartitioning1;Variable;fStem;[-];0;NA;stem fraction of shoot DM
Q:\WHEAT\INI\Proj_HeatNewNames\95_06\HEAT_95_06_BehandlungN240.ini;HumeWheatPartitioning1;Variable;GlobRadSum;[MJ];0;NA;sum of global radiation
Q:\WHEAT\INI\Proj_HeatNewNames\95_06\HEAT_95_06_BehandlungN240.ini;HumeWheatPartitioning1;Variable;GN_NRate;[g/plant];0;NA;linear N uptake after endosperm cell division phase
Q:\WHEAT\INI\Proj_HeatNewNames\95_06\HEAT_95_06_BehandlungN240.ini;HumeWheatPartitioning1;Variable;GPP;[grains/plant];0;NA;grains per plant
Q:\WHEAT\INI\Proj_HeatNewNames\95_06\HEAT_95_06_BehandlungN240.ini;HumeWheatPartitioning1;Variable;GPPVAR;[grains/plant];0;NA;estimation of grains per plant
Q:\WHEAT\INI\Proj_HeatNewNames\95_06\HEAT_95_06_BehandlungN240.ini;HumeWheatPartitioning1;Variable;GPSM;[k/m2];0;NA;grains per square meter
Q:\WHEAT\INI\Proj_HeatNewNames\95_06\HEAT_95_06_BehandlungN240.ini;HumeWheatPartitioning1;Variable;GRNWT_m2;[g/m2];0;NA;Grain dry weight per m2
Q:\WHEAT\INI\Proj_HeatNewNames\95_06\HEAT_95_06_BehandlungN240.ini;HumeWheatPartitioning1;Variable;GROGRN;[g/(plant*d)];0;NA;
Q:\WHEAT\INI\Proj_HeatNewNames\95_06\HEAT_95_06_BehandlungN240.ini;HumeWheatPartitioning1;Variable;GROLF;[g/plant/d];0;NA;growth rate of leaf dry matter
Q:\WHEAT\INI\Proj_HeatNewNames\95_06\HEAT_95_06_BehandlungN240.ini;HumeWheatPartitioning1;Variable;GROSTM;[g/(plant.d];0;NA;growth rate of stem dry matter
Q:\WHEAT\INI\Proj_HeatNewNames\95_06\HEAT_95_06_BehandlungN240.ini;HumeWheatPartitioning1;Variable;GRYD;[dt/ha];0;NA;grain yield in dt/ha
Q:\WHEAT\INI\Proj_HeatNewNames\95_06\HEAT_95_06_BehandlungN240.ini;HumeWheatPartitioning1;Variable;HI;[-];0;NA;Harvest index
Q:\WHEAT\INI\Proj_HeatNewNames\95_06\HEAT_95_06_BehandlungN240.ini;HumeWheatPartitioning1;Variable;KernelN;[kg/ha];0;NA;Nitrogen in kernels
Q:\WHEAT\INI\Proj_HeatNewNames\95_06\HEAT_95_06_BehandlungN240.ini;HumeWheatPartitioning1;Variable;kf_d;[-];1;NA;adjustment factor for leaf/stem partioning under drought
Q:\WHEAT\INI\Proj_HeatNewNames\95_06\HEAT_95_06_BehandlungN240.ini;HumeWheatPartitioning1;Variable;kf_n;[-];1;NA;adjustment factor for leaf/stem partioning under N limitation
Q:\WHEAT\INI\Proj_HeatNewNames\95_06\HEAT_95_06_BehandlungN240.ini;HumeWheatPartitioning1;Variable;LAIShoot;[m2/m2];0;NA;Leaf Area Index of the shoot, excluding ear area index
Q:\WHEAT\INI\Proj_HeatNewNames\95_06\HEAT_95_06_BehandlungN240.ini;HumeWheatPartitioning1;Variable;Leaf_Stem_WT_Ratio;[g/m2];0;NA;Ratio of Leaf and Stem dry weight
Q:\WHEAT\INI\Proj_HeatNewNames\95_06\HEAT_95_06_BehandlungN240.ini;HumeWheatPartitioning1;Variable;LFWT_m2;[g/m2];0;NA;Leaf dry weight per m2
Q:\WHEAT\INI\Proj_HeatNewNames\95_06\HEAT_95_06_BehandlungN240.ini;HumeWheatPartitioning1;Variable;maxNShoot_m2;[g/m2];0;NA;maximum shoot N
Q:\WHEAT\INI\Proj_HeatNewNames\95_06\HEAT_95_06_BehandlungN240.ini;HumeWheatPartitioning1;Variable;Nbal;[g/plant];0;NA;
Q:\WHEAT\INI\Proj_HeatNewNames\95_06\HEAT_95_06_BehandlungN240.ini;HumeWheatPartitioning1;Variable;Nc_optLeaf;[%];0;NA;optimum leaf N concentration
Q:\WHEAT\INI\Proj_HeatNewNames\95_06\HEAT_95_06_BehandlungN240.ini;HumeWheatPartitioning1;Variable;NcGrain;[%];0;NA;N concentration in grains
Q:\WHEAT\INI\Proj_HeatNewNames\95_06\HEAT_95_06_BehandlungN240.ini;HumeWheatPartitioning1;Variable;NcLAL__1;[%];0;NA;
Q:\WHEAT\INI\Proj_HeatNewNames\95_06\HEAT_95_06_BehandlungN240.ini;HumeWheatPartitioning1;Variable;NcLAL__2;[%];0;NA;
Q:\WHEAT\INI\Proj_HeatNewNames\95_06\HEAT_95_06_BehandlungN240.ini;HumeWheatPartitioning1;Variable;NcLAL__3;[%];0;NA;
Q:\WHEAT\INI\Proj_HeatNewNames\95_06\HEAT_95_06_BehandlungN240.ini;HumeWheatPartitioning1;Variable;NcLAL__4;[%];0;NA;
Q:\WHEAT\INI\Proj_HeatNewNames\95_06\HEAT_95_06_BehandlungN240.ini;HumeWheatPartitioning1;Variable;NcLeaf;[%];0;NA;N concentration in leaves
Q:\WHEAT\INI\Proj_HeatNewNames\95_06\HEAT_95_06_BehandlungN240.ini;HumeWheatPartitioning1;Variable;NcLeaf_ECLGE;;0;NA;leaf N concentration at the end of leaf growth
Q:\WHEAT\INI\Proj_HeatNewNames\95_06\HEAT_95_06_BehandlungN240.ini;HumeWheatPartitioning1;Variable;Ncmob;[];0;NA;
Q:\WHEAT\INI\Proj_HeatNewNames\95_06\HEAT_95_06_BehandlungN240.ini;HumeWheatPartitioning1;Variable;NcShoot;[%];0;NA;N concentration in shoot
Q:\WHEAT\INI\Proj_HeatNewNames\95_06\HEAT_95_06_BehandlungN240.ini;HumeWheatPartitioning1;Variable;NcStem;[%];0;NA;N concentration in stem
Q:\WHEAT\INI\Proj_HeatNewNames\95_06\HEAT_95_06_BehandlungN240.ini;HumeWheatPartitioning1;Variable;NcStem_ECLGE;[g/plant];0;NA;
Q:\WHEAT\INI\Proj_HeatNewNames\95_06\HEAT_95_06_BehandlungN240.ini;HumeWheatPartitioning1;Variable;NcStraw;[];0;NA;N concentration in straw
Q:\WHEAT\INI\Proj_HeatNewNames\95_06\HEAT_95_06_BehandlungN240.ini;HumeWheatPartitioning1;Variable;NcStruc;[%];0;NA;
Q:\WHEAT\INI\Proj_HeatNewNames\95_06\HEAT_95_06_BehandlungN240.ini;HumeWheatPartitioning1;Variable;Ndef;[g/m2];0;NA;N deficiency
Q:\WHEAT\INI\Proj_HeatNewNames\95_06\HEAT_95_06_BehandlungN240.ini;HumeWheatPartitioning1;Variable;NDemand;[kg/ha/d];0;NA;Nitrogen demand per hectare
Q:\WHEAT\INI\Proj_HeatNewNames\95_06\HEAT_95_06_BehandlungN240.ini;HumeWheatPartitioning1;Variable;NDemand_pl;[g/(pl*d)];0;NA;Nitrogen demand per plant
Q:\WHEAT\INI\Proj_HeatNewNames\95_06\HEAT_95_06_BehandlungN240.ini;HumeWheatPartitioning1;Variable;NGrain_m2;[g/m2];0;NA;Nitrogen in grains in g per m2
Q:\WHEAT\INI\Proj_HeatNewNames\95_06\HEAT_95_06_BehandlungN240.ini;HumeWheatPartitioning1;Variable;NHI;[-];0;NA;Nitrogen harvest index
Q:\WHEAT\INI\Proj_HeatNewNames\95_06\HEAT_95_06_BehandlungN240.ini;HumeWheatPartitioning1;Variable;NLeaf_m2;[g/m2];0;NA;Nitrogen in senescing leaves per m2
Q:\WHEAT\INI\Proj_HeatNewNames\95_06\HEAT_95_06_BehandlungN240.ini;HumeWheatPartitioning1;Variable;NLeaf_Struc1;[g/m2];0;NA;
Q:\WHEAT\INI\Proj_HeatNewNames\95_06\HEAT_95_06_BehandlungN240.ini;HumeWheatPartitioning1;Variable;NLeaf_Struc2;[g/m2];0;NA;
Q:\WHEAT\INI\Proj_HeatNewNames\95_06\HEAT_95_06_BehandlungN240.ini;HumeWheatPartitioning1;Variable;NLeaf_Struc3;[g/m2];0;NA;
Q:\WHEAT\INI\Proj_HeatNewNames\95_06\HEAT_95_06_BehandlungN240.ini;HumeWheatPartitioning1;Variable;NLeaf_Struc4;[g/m2];0;NA;
Q:\WHEAT\INI\Proj_HeatNewNames\95_06\HEAT_95_06_BehandlungN240.ini;HumeWheatPartitioning1;Variable;NLphot_pl;[g/plant];0;NA;
Q:\WHEAT\INI\Proj_HeatNewNames\95_06\HEAT_95_06_BehandlungN240.ini;HumeWheatPartitioning1;Variable;NLStruc_pl;[g/plant];0;NA;
Q:\WHEAT\INI\Proj_HeatNewNames\95_06\HEAT_95_06_BehandlungN240.ini;HumeWheatPartitioning1;Variable;NNI;[-];0;NA;Nitrogen Nutrition Index
Q:\WHEAT\INI\Proj_HeatNewNames\95_06\HEAT_95_06_BehandlungN240.ini;HumeWheatPartitioning1;Variable;NNI60;[-];0;NA;
Q:\WHEAT\INI\Proj_HeatNewNames\95_06\HEAT_95_06_BehandlungN240.ini;HumeWheatPartitioning1;Variable;NoptStem;[%];0;NA;optimum stem N concentration
Q:\WHEAT\INI\Proj_HeatNewNames\95_06\HEAT_95_06_BehandlungN240.ini;HumeWheatPartitioning1;Variable;NphLeaf1;[g/m2];0;NA;
Q:\WHEAT\INI\Proj_HeatNewNames\95_06\HEAT_95_06_BehandlungN240.ini;HumeWheatPartitioning1;Variable;NphLeaf2;[g/m2];0;NA;
Q:\WHEAT\INI\Proj_HeatNewNames\95_06\HEAT_95_06_BehandlungN240.ini;HumeWheatPartitioning1;Variable;NphLeaf3;[g/m2];0;NA;
Q:\WHEAT\INI\Proj_HeatNewNames\95_06\HEAT_95_06_BehandlungN240.ini;HumeWheatPartitioning1;Variable;NphLeaf4;[g/m2];0;NA;
Q:\WHEAT\INI\Proj_HeatNewNames\95_06\HEAT_95_06_BehandlungN240.ini;HumeWheatPartitioning1;Variable;NRoot_m2;[g/m2];0;NA;Nitrogen in roots per m2
Q:\WHEAT\INI\Proj_HeatNewNames\95_06\HEAT_95_06_BehandlungN240.ini;HumeWheatPartitioning1;Variable;NSEN_m2;[g/m2];0;NA;Nitrogen in senescing plant parts per m2
Q:\WHEAT\INI\Proj_HeatNewNames\95_06\HEAT_95_06_BehandlungN240.ini;HumeWheatPartitioning1;Variable;NShoot_m2;[g/m2];0;NA;Nitrogen in shoot per m2
Q:\WHEAT\INI\Proj_HeatNewNames\95_06\HEAT_95_06_BehandlungN240.ini;HumeWheatPartitioning1;Variable;NSP_l;[kgN/ha];0;NA;N storage pool leaf
Q:\WHEAT\INI\Proj_HeatNewNames\95_06\HEAT_95_06_BehandlungN240.ini;HumeWheatPartitioning1;Variable;NSP_s;[kgN/ha];0;NA;
Q:\WHEAT\INI\Proj_HeatNewNames\95_06\HEAT_95_06_BehandlungN240.ini;HumeWheatPartitioning1;Variable;NStem_m2;[g/m2];0;NA;Nitrogen in stem per m2
Q:\WHEAT\INI\Proj_HeatNewNames\95_06\HEAT_95_06_BehandlungN240.ini;HumeWheatPartitioning1;Variable;NStemstruc_pl;[g/plant];0;NA;
Q:\WHEAT\INI\Proj_HeatNewNames\95_06\HEAT_95_06_BehandlungN240.ini;HumeWheatPartitioning1;Variable;NStoragepool_m2;[g/m2];0;NA;Nitrogen in storage pool per m2
Q:\WHEAT\INI\Proj_HeatNewNames\95_06\HEAT_95_06_BehandlungN240.ini;HumeWheatPartitioning1;Variable;NTrans_pl;[g/plant];0;NA;translocated N per plant
Q:\WHEAT\INI\Proj_HeatNewNames\95_06\HEAT_95_06_BehandlungN240.ini;HumeWheatPartitioning1;Variable;optSLN;[g/m2];0;NA;SLN at Ncleaf = Nc_optLeaf
Q:\WHEAT\INI\Proj_HeatNewNames\95_06\HEAT_95_06_BehandlungN240.ini;HumeWheatPartitioning1;Variable;piniGN;[mg/1Kgrains];0;NA;
Q:\WHEAT\INI\Proj_HeatNewNames\95_06\HEAT_95_06_BehandlungN240.ini;HumeWheatPartitioning1;Variable;PlantNDemand_rate_limited_m2;[g/m2/d];0;NA;pot. Plant N demand limited by maxNupTake
Q:\WHEAT\INI\Proj_HeatNewNames\95_06\HEAT_95_06_BehandlungN240.ini;HumeWheatPartitioning1;Variable;potGROGRN;[g/(Plant*day)];0;NA;
Q:\WHEAT\INI\Proj_HeatNewNames\95_06\HEAT_95_06_BehandlungN240.ini;HumeWheatPartitioning1;Variable;potHI;[-];0;NA;potential harvest index
Q:\WHEAT\INI\Proj_HeatNewNames\95_06\HEAT_95_06_BehandlungN240.ini;HumeWheatPartitioning1;Variable;ProtGrain;[%];0;NA;Protein content in grains
Q:\WHEAT\INI\Proj_HeatNewNames\95_06\HEAT_95_06_BehandlungN240.ini;HumeWheatPartitioning1;Variable;PTF;[-];0;NA;
Q:\WHEAT\INI\Proj_HeatNewNames\95_06\HEAT_95_06_BehandlungN240.ini;HumeWheatPartitioning1;Variable;Q45;[-];0;NA;
Q:\WHEAT\INI\Proj_HeatNewNames\95_06\HEAT_95_06_BehandlungN240.ini;HumeWheatPartitioning1;Variable;QEffGF;[MJ/C�];0;NA;Photo-Thermal-Ratio during BBCH65 until LAI=0
Q:\WHEAT\INI\Proj_HeatNewNames\95_06\HEAT_95_06_BehandlungN240.ini;HumeWheatPartitioning1;Variable;QHI;[MJ/�C];0;NA;
Q:\WHEAT\INI\Proj_HeatNewNames\95_06\HEAT_95_06_BehandlungN240.ini;HumeWheatPartitioning1;Variable;R;[-];0;NA;Ratio mobileN /photN
Q:\WHEAT\INI\Proj_HeatNewNames\95_06\HEAT_95_06_BehandlungN240.ini;HumeWheatPartitioning1;Variable;relBF_L1;[];0;NA;
Q:\WHEAT\INI\Proj_HeatNewNames\95_06\HEAT_95_06_BehandlungN240.ini;HumeWheatPartitioning1;Variable;relBF_L2;[];0;NA;
Q:\WHEAT\INI\Proj_HeatNewNames\95_06\HEAT_95_06_BehandlungN240.ini;HumeWheatPartitioning1;Variable;relBF_L3;[];0;NA;
Q:\WHEAT\INI\Proj_HeatNewNames\95_06\HEAT_95_06_BehandlungN240.ini;HumeWheatPartitioning1;Variable;relBF_L4;[];0;NA;
Q:\WHEAT\INI\Proj_HeatNewNames\95_06\HEAT_95_06_BehandlungN240.ini;HumeWheatPartitioning1;Variable;relTM_L1;[];0;NA;
Q:\WHEAT\INI\Proj_HeatNewNames\95_06\HEAT_95_06_BehandlungN240.ini;HumeWheatPartitioning1;Variable;relTM_L2;[];0;NA;
Q:\WHEAT\INI\Proj_HeatNewNames\95_06\HEAT_95_06_BehandlungN240.ini;HumeWheatPartitioning1;Variable;relTM_L3;[];0;NA;
Q:\WHEAT\INI\Proj_HeatNewNames\95_06\HEAT_95_06_BehandlungN240.ini;HumeWheatPartitioning1;Variable;relTM_L4;[];0;NA;
Q:\WHEAT\INI\Proj_HeatNewNames\95_06\HEAT_95_06_BehandlungN240.ini;HumeWheatPartitioning1;Variable;RGFILL;[mg/(Plant*day)];0;NA;
Q:\WHEAT\INI\Proj_HeatNewNames\95_06\HEAT_95_06_BehandlungN240.ini;HumeWheatPartitioning1;Variable;RSWT;[g/m2];0;NA;stem reserves during grain filling
Q:\WHEAT\INI\Proj_HeatNewNames\95_06\HEAT_95_06_BehandlungN240.ini;HumeWheatPartitioning1;Variable;SENL;[g/(plant.d];0;NA;
Q:\WHEAT\INI\Proj_HeatNewNames\95_06\HEAT_95_06_BehandlungN240.ini;HumeWheatPartitioning1;Variable;SENWT_m2;[g/m2];0;NA;Senescing dry weight per m2
Q:\WHEAT\INI\Proj_HeatNewNames\95_06\HEAT_95_06_BehandlungN240.ini;HumeWheatPartitioning1;Variable;SLN;[g/m2];0;NA;over all specific leaf nitrogen
Q:\WHEAT\INI\Proj_HeatNewNames\95_06\HEAT_95_06_BehandlungN240.ini;HumeWheatPartitioning1;Variable;Stem_Leaf_WT_Ratio;[g/m2];0;NA;Ratio of Stem and Leaf dry weight
Q:\WHEAT\INI\Proj_HeatNewNames\95_06\HEAT_95_06_BehandlungN240.ini;HumeWheatPartitioning1;Variable;STMWT_m2;[g/m2];0;NA;Stem dry weight per m2
Q:\WHEAT\INI\Proj_HeatNewNames\95_06\HEAT_95_06_BehandlungN240.ini;HumeWheatPartitioning1;Variable;SUMDTTGF;[�Cd];0;NA;sum of thermal time since start of grainfilling
Q:\WHEAT\INI\Proj_HeatNewNames\95_06\HEAT_95_06_BehandlungN240.ini;HumeWheatPartitioning1;Variable;sumNLAL;[g/plant];0;NA;
Q:\WHEAT\INI\Proj_HeatNewNames\95_06\HEAT_95_06_BehandlungN240.ini;HumeWheatPartitioning1;Variable;SWMIN_pl;[g/pl];0;NA;minimum stem dry weight per plant, used for translocation calculation and senescence
Q:\WHEAT\INI\Proj_HeatNewNames\95_06\HEAT_95_06_BehandlungN240.ini;HumeWheatPartitioning1;Variable;TKM;[g/kKernel];0;NA;Thousand kernel mass
Q:\WHEAT\INI\Proj_HeatNewNames\95_06\HEAT_95_06_BehandlungN240.ini;HumeWheatPartitioning1;Variable;TOPWT_m2;[g/m2];0;NA;Shoot dry weight per m2
Q:\WHEAT\INI\Proj_HeatNewNames\95_06\HEAT_95_06_BehandlungN240.ini;HumeWheatPartitioning1;Variable;TOPWT_pl;[g/plant];0;NA;Shoot dry weight per plant ((LFWT + STMWT + SEEDRV + GRNWT)  )
Q:\WHEAT\INI\Proj_HeatNewNames\95_06\HEAT_95_06_BehandlungN240.ini;HumeWheatPartitioning1;Variable;TSDM_m2;[g/m2];0;NA;Total shoot DM per m² (STMWT + LFWT + SENWT + GRNWT + DMTrans)
Q:\WHEAT\INI\Proj_HeatNewNames\95_06\HEAT_95_06_BehandlungN240.ini;HumeWheatPartitioning1;Variable;TSUMEffGF;[C�];0;NA;
Q:\WHEAT\INI\Proj_HeatNewNames\95_06\HEAT_95_06_BehandlungN240.ini;HumeWheatPartitioning1;Parameter;dECDP;[°cd];250;NA;duration of endosperm cell devision phase
Q:\WHEAT\INI\Proj_HeatNewNames\95_06\HEAT_95_06_BehandlungN240.ini;HumeWheatPartitioning1;Parameter;EC_LGend;[-];40;NA;EC stage at which leaf growth ends
Q:\WHEAT\INI\Proj_HeatNewNames\95_06\HEAT_95_06_BehandlungN240.ini;HumeWheatPartitioning1;Parameter;ECcritNcLeaf;[-];27;NA;BBCH stage from which optimum leaf N concentration starts to decrease with leaf dry matter
Q:\WHEAT\INI\Proj_HeatNewNames\95_06\HEAT_95_06_BehandlungN240.ini;HumeWheatPartitioning1;Parameter;fFineRoot0;[-];0.653;NA;
Q:\WHEAT\INI\Proj_HeatNewNames\95_06\HEAT_95_06_BehandlungN240.ini;HumeWheatPartitioning1;Parameter;fFineRootDec;[-];0.000501;NA;
Q:\WHEAT\INI\Proj_HeatNewNames\95_06\HEAT_95_06_BehandlungN240.ini;HumeWheatPartitioning1;Parameter;fRootN_ini;[];0.4;NA;
Q:\WHEAT\INI\Proj_HeatNewNames\95_06\HEAT_95_06_BehandlungN240.ini;HumeWheatPartitioning1;Parameter;fRootN_min;[];0.1;NA;
Q:\WHEAT\INI\Proj_HeatNewNames\95_06\HEAT_95_06_BehandlungN240.ini;HumeWheatPartitioning1;Parameter;g;[-];1.41394;NA;parameter for allometric leaf/stem partitioning
Q:\WHEAT\INI\Proj_HeatNewNames\95_06\HEAT_95_06_BehandlungN240.ini;HumeWheatPartitioning1;Parameter;GM4;[-];149.153;NA;adjustment of grain number per sqare meter
Q:\WHEAT\INI\Proj_HeatNewNames\95_06\HEAT_95_06_BehandlungN240.ini;HumeWheatPartitioning1;Parameter;GM4_2;[-];2.6233;NA;exponential adjustment of grain number per sqare meter
Q:\WHEAT\INI\Proj_HeatNewNames\95_06\HEAT_95_06_BehandlungN240.ini;HumeWheatPartitioning1;Parameter;h;[-];-1.81303;NA;parameter for allometric leaf/stem partitioning
Q:\WHEAT\INI\Proj_HeatNewNames\95_06\HEAT_95_06_BehandlungN240.ini;HumeWheatPartitioning1;Parameter;HarvestDate;[];1000000;NA;
Q:\WHEAT\INI\Proj_HeatNewNames\95_06\HEAT_95_06_BehandlungN240.ini;HumeWheatPartitioning1;Parameter;HImin;[-];0.51;NA;
Q:\WHEAT\INI\Proj_HeatNewNames\95_06\HEAT_95_06_BehandlungN240.ini;HumeWheatPartitioning1;Parameter;Ini_SEEDRV;[g/seed];0.05;NA;initial seed weight
Q:\WHEAT\INI\Proj_HeatNewNames\95_06\HEAT_95_06_BehandlungN240.ini;HumeWheatPartitioning1;Parameter;iniGRNWT;[mg/grain];3.5;NA;initial grain weight (CW 3)
Q:\WHEAT\INI\Proj_HeatNewNames\95_06\HEAT_95_06_BehandlungN240.ini;HumeWheatPartitioning1;Parameter;iniLA;[cm2];5;NA;
Q:\WHEAT\INI\Proj_HeatNewNames\95_06\HEAT_95_06_BehandlungN240.ini;HumeWheatPartitioning1;Parameter;k_SEEDRV;[-];0.15;NA;degradation rate of seed reserves during emergence and early growth
Q:\WHEAT\INI\Proj_HeatNewNames\95_06\HEAT_95_06_BehandlungN240.ini;HumeWheatPartitioning1;Parameter;k1;[kg/kg];0.0018;NA;Michaelis-Menten cons. to mobile N
Q:\WHEAT\INI\Proj_HeatNewNames\95_06\HEAT_95_06_BehandlungN240.ini;HumeWheatPartitioning1;Parameter;k2;[J/(m2*s)];10;NA;Michaelis-Menten cons. to PARi
Q:\WHEAT\INI\Proj_HeatNewNames\95_06\HEAT_95_06_BehandlungN240.ini;HumeWheatPartitioning1;Parameter;maxNcStem;[%];7;NA;maximum N concentration in stem
Q:\WHEAT\INI\Proj_HeatNewNames\95_06\HEAT_95_06_BehandlungN240.ini;HumeWheatPartitioning1;Parameter;maxNNI;[-];1.5;NA;maximum N nutrition index
Q:\WHEAT\INI\Proj_HeatNewNames\95_06\HEAT_95_06_BehandlungN240.ini;HumeWheatPartitioning1;Parameter;maxNupTake;[kgN/ha];6;NA;parameter to avoid unrealistic high N uptake if maxNupTake is faulty
Q:\WHEAT\INI\Proj_HeatNewNames\95_06\HEAT_95_06_BehandlungN240.ini;HumeWheatPartitioning1;Parameter;NcLeafMin;[%];4.5;NA;
Q:\WHEAT\INI\Proj_HeatNewNames\95_06\HEAT_95_06_BehandlungN240.ini;HumeWheatPartitioning1;Parameter;NcLeafVf1;[%*m²/g];-0.0061;NA;Slope of optimum leaf N concentration per g leaf dry matter
Q:\WHEAT\INI\Proj_HeatNewNames\95_06\HEAT_95_06_BehandlungN240.ini;HumeWheatPartitioning1;Parameter;NcLeafVf2;[%DM];5.9543;NA;Intercept of linear leaf N concentration function under optimum N supply
Q:\WHEAT\INI\Proj_HeatNewNames\95_06\HEAT_95_06_BehandlungN240.ini;HumeWheatPartitioning1;Parameter;NcStem_a;[-];0.1475;NA;
Q:\WHEAT\INI\Proj_HeatNewNames\95_06\HEAT_95_06_BehandlungN240.ini;HumeWheatPartitioning1;Parameter;NcStem_b;[-];0.0011;NA;
Q:\WHEAT\INI\Proj_HeatNewNames\95_06\HEAT_95_06_BehandlungN240.ini;HumeWheatPartitioning1;Parameter;NcStemMin;[%];4;NA;minimum N concentration in stem
Q:\WHEAT\INI\Proj_HeatNewNames\95_06\HEAT_95_06_BehandlungN240.ini;HumeWheatPartitioning1;Parameter;NNIcrit;[-];1.377;NA;parameter for leaf stem partitioning under N limitation
Q:\WHEAT\INI\Proj_HeatNewNames\95_06\HEAT_95_06_BehandlungN240.ini;HumeWheatPartitioning1;Parameter;NNIinc;[-];0.595;NA;parameter for leaf stem partitioning under N limitation
Q:\WHEAT\INI\Proj_HeatNewNames\95_06\HEAT_95_06_BehandlungN240.ini;HumeWheatPartitioning1;Parameter;Par_ExtCoeffPAR;[-];0.675;NA;Extinction coefficient for PAR (only valid if EvapotranspirationModel uses Option Opt_Exk_Glob = fromPlantModel)
Q:\WHEAT\INI\Proj_HeatNewNames\95_06\HEAT_95_06_BehandlungN240.ini;HumeWheatPartitioning1;Parameter;Par_Psi2;[cm];200;NA;water potential at which water uptake by the plant starts to decrease
Q:\WHEAT\INI\Proj_HeatNewNames\95_06\HEAT_95_06_BehandlungN240.ini;HumeWheatPartitioning1;Parameter;Par_rc0;[s.m-1];50;NA;Canopy resistance at potential transpiration
Q:\WHEAT\INI\Proj_HeatNewNames\95_06\HEAT_95_06_BehandlungN240.ini;HumeWheatPartitioning1;Parameter;Par_Weff;[cm];100;NA;effective rooting depth
Q:\WHEAT\INI\Proj_HeatNewNames\95_06\HEAT_95_06_BehandlungN240.ini;HumeWheatPartitioning1;Parameter;pDMTrans;[%];25;NA;
Q:\WHEAT\INI\Proj_HeatNewNames\95_06\HEAT_95_06_BehandlungN240.ini;HumeWheatPartitioning1;Parameter;Plants;[plants/m2];320;NA;
Q:\WHEAT\INI\Proj_HeatNewNames\95_06\HEAT_95_06_BehandlungN240.ini;HumeWheatPartitioning1;Parameter;pNdefAllo;[-];0.63;NA;fraction of N defizit allocated to the stem
Q:\WHEAT\INI\Proj_HeatNewNames\95_06\HEAT_95_06_BehandlungN240.ini;HumeWheatPartitioning1;Parameter;psi_crit;[pF];2.24499;NA;for calculation of kf (allometric leaf/stem partitioning)
Q:\WHEAT\INI\Proj_HeatNewNames\95_06\HEAT_95_06_BehandlungN240.ini;HumeWheatPartitioning1;Parameter;psi_s;[1/pF];0.295694;NA;for calculation of kf (allometric leaf/stem partitioning)
Q:\WHEAT\INI\Proj_HeatNewNames\95_06\HEAT_95_06_BehandlungN240.ini;HumeWheatPartitioning1;Parameter;PsiSen1;[pF];3.6;NA;
Q:\WHEAT\INI\Proj_HeatNewNames\95_06\HEAT_95_06_BehandlungN240.ini;HumeWheatPartitioning1;Parameter;PsiSen12;[1/pF];2.5;NA;
Q:\WHEAT\INI\Proj_HeatNewNames\95_06\HEAT_95_06_BehandlungN240.ini;HumeWheatPartitioning1;Parameter;QHI_INC;[-];0.196;NA;Slope of regression between QHI and HI for calculation of potHI
Q:\WHEAT\INI\Proj_HeatNewNames\95_06\HEAT_95_06_BehandlungN240.ini;HumeWheatPartitioning1;Parameter;QHI_INT;[-];0.2786;NA;Intercept of regression between QHI and HI for calculation of potHI
Q:\WHEAT\INI\Proj_HeatNewNames\95_06\HEAT_95_06_BehandlungN240.ini;HumeWheatPartitioning1;Parameter;relLayerN_Int1;[%];0.3305;NA;
Q:\WHEAT\INI\Proj_HeatNewNames\95_06\HEAT_95_06_BehandlungN240.ini;HumeWheatPartitioning1;Parameter;relLayerN_Int2;[%];0.2783;NA;
Q:\WHEAT\INI\Proj_HeatNewNames\95_06\HEAT_95_06_BehandlungN240.ini;HumeWheatPartitioning1;Parameter;relLayerN_Int3;[%];0.2292;NA;
Q:\WHEAT\INI\Proj_HeatNewNames\95_06\HEAT_95_06_BehandlungN240.ini;HumeWheatPartitioning1;Parameter;relLayerN_S1;[%];0.0104;NA;
Q:\WHEAT\INI\Proj_HeatNewNames\95_06\HEAT_95_06_BehandlungN240.ini;HumeWheatPartitioning1;Parameter;relLayerN_S2;[%];0.017;NA;
Q:\WHEAT\INI\Proj_HeatNewNames\95_06\HEAT_95_06_BehandlungN240.ini;HumeWheatPartitioning1;Parameter;relLayerN_S3;[%];-0.0071;NA;
Q:\WHEAT\INI\Proj_HeatNewNames\95_06\HEAT_95_06_BehandlungN240.ini;HumeWheatPartitioning1;Parameter;rgr_GrainN;[-];0.005;NA;
Q:\WHEAT\INI\Proj_HeatNewNames\95_06\HEAT_95_06_BehandlungN240.ini;HumeWheatPartitioning1;Parameter;rgr_NcLeafWinter;[-];0.02;NA;
Q:\WHEAT\INI\Proj_HeatNewNames\95_06\HEAT_95_06_BehandlungN240.ini;HumeWheatPartitioning1;Parameter;rgr_NcStemWinter;[-];0.02;NA;
Q:\WHEAT\INI\Proj_HeatNewNames\95_06\HEAT_95_06_BehandlungN240.ini;HumeWheatPartitioning1;Parameter;RND;[1/°cd];0.008;NA;rel. rate of phot. N degradation
Q:\WHEAT\INI\Proj_HeatNewNames\95_06\HEAT_95_06_BehandlungN240.ini;HumeWheatPartitioning1;Parameter;RNS;[1/°cd];0.0015;NA;rel. rate of phot. N synthesis
Q:\WHEAT\INI\Proj_HeatNewNames\95_06\HEAT_95_06_BehandlungN240.ini;HumeWheatPartitioning1;Parameter;SowingDate;[];38610;NA;Day of sowing
Q:\WHEAT\INI\Proj_HeatNewNames\95_06\HEAT_95_06_BehandlungN240.ini;HumeWheatPartitioning1;Parameter;TTfRootN;[];2000;NA;Tsum at which fRootN_min is reached
Q:\WHEAT\INI\Proj_HeatNewNames\95_06\HEAT_95_06_BehandlungN240.ini;HumeWheatPartitioning1;ExternalValue;avSLA;;NA;HumeWheatLeafArea1;Average Specific Leaf Area [cm2/g]
Q:\WHEAT\INI\Proj_HeatNewNames\95_06\HEAT_95_06_BehandlungN240.ini;HumeWheatPartitioning1;ExternalValue;CARBO;;NA;[HumeWheatDryMatter1];
Q:\WHEAT\INI\Proj_HeatNewNames\95_06\HEAT_95_06_BehandlungN240.ini;HumeWheatPartitioning1;ExternalValue;DayOfYear;;NA;Daylength1;
Q:\WHEAT\INI\Proj_HeatNewNames\95_06\HEAT_95_06_BehandlungN240.ini;HumeWheatPartitioning1;ExternalValue;EC;;NA;[Development1];
Q:\WHEAT\INI\Proj_HeatNewNames\95_06\HEAT_95_06_BehandlungN240.ini;HumeWheatPartitioning1;ExternalValue;fdsen;;NA;[HumeWheatLeafArea1];
Q:\WHEAT\INI\Proj_HeatNewNames\95_06\HEAT_95_06_BehandlungN240.ini;HumeWheatPartitioning1;ExternalValue;GlobRad;[MJ/m²/d];NA;Q:\WEATHER\Proj_Heat\Wetter_HS_04_05_corrRad.txt;Global radiation
Q:\WHEAT\INI\Proj_HeatNewNames\95_06\HEAT_95_06_BehandlungN240.ini;HumeWheatPartitioning1;ExternalValue;ISTAGE;;NA;[Development1];integer development stage according to CERES-Wheat stages
Q:\WHEAT\INI\Proj_HeatNewNames\95_06\HEAT_95_06_BehandlungN240.ini;HumeWheatPartitioning1;ExternalValue;kPAR;;NA;HumeWheatDryMatter1;
Q:\WHEAT\INI\Proj_HeatNewNames\95_06\HEAT_95_06_BehandlungN240.ini;HumeWheatPartitioning1;ExternalValue;kpar_eff;;NA;[HumeWheatDryMatter1];extinction coefficient for photosynthetically active radiation
Q:\WHEAT\INI\Proj_HeatNewNames\95_06\HEAT_95_06_BehandlungN240.ini;HumeWheatPartitioning1;ExternalValue;LAI;;NA;[HumeWheatLeafArea1];Leaf Area Index
Q:\WHEAT\INI\Proj_HeatNewNames\95_06\HEAT_95_06_BehandlungN240.ini;HumeWheatPartitioning1;ExternalValue;LAL_1;[m2/m2];NA;[HumeWheatLeafArea1];
Q:\WHEAT\INI\Proj_HeatNewNames\95_06\HEAT_95_06_BehandlungN240.ini;HumeWheatPartitioning1;ExternalValue;LAL_2;[m2/m2];NA;[HumeWheatLeafArea1];
Q:\WHEAT\INI\Proj_HeatNewNames\95_06\HEAT_95_06_BehandlungN240.ini;HumeWheatPartitioning1;ExternalValue;LAL_3;[m2/m2];NA;[HumeWheatLeafArea1];
Q:\WHEAT\INI\Proj_HeatNewNames\95_06\HEAT_95_06_BehandlungN240.ini;HumeWheatPartitioning1;ExternalValue;LAL_4;[m2/m2];NA;[HumeWheatLeafArea1];
Q:\WHEAT\INI\Proj_HeatNewNames\95_06\HEAT_95_06_BehandlungN240.ini;HumeWheatPartitioning1;ExternalValue;MLAL1;[g/m2];NA;[HumeWheatLeafArea1];
Q:\WHEAT\INI\Proj_HeatNewNames\95_06\HEAT_95_06_BehandlungN240.ini;HumeWheatPartitioning1;ExternalValue;MLAL2;[g/m2];NA;[HumeWheatLeafArea1];
Q:\WHEAT\INI\Proj_HeatNewNames\95_06\HEAT_95_06_BehandlungN240.ini;HumeWheatPartitioning1;ExternalValue;MLAL3;[g/m2];NA;[HumeWheatLeafArea1];
Q:\WHEAT\INI\Proj_HeatNewNames\95_06\HEAT_95_06_BehandlungN240.ini;HumeWheatPartitioning1;ExternalValue;MLAL4;[g/m2];NA;[HumeWheatLeafArea1];
Q:\WHEAT\INI\Proj_HeatNewNames\95_06\HEAT_95_06_BehandlungN240.ini;HumeWheatPartitioning1;ExternalValue;P5;;NA;Development1;Parameter for duration of grain filling phase, used for calculation of potHI
Q:\WHEAT\INI\Proj_HeatNewNames\95_06\HEAT_95_06_BehandlungN240.ini;HumeWheatPartitioning1;ExternalValue;PARi1;[W/m2];NA;[HumeWheatLeafArea1];
Q:\WHEAT\INI\Proj_HeatNewNames\95_06\HEAT_95_06_BehandlungN240.ini;HumeWheatPartitioning1;ExternalValue;PARi2;[W/m2];NA;[HumeWheatLeafArea1];
Q:\WHEAT\INI\Proj_HeatNewNames\95_06\HEAT_95_06_BehandlungN240.ini;HumeWheatPartitioning1;ExternalValue;PARi3;[W/m2];NA;[HumeWheatLeafArea1];
Q:\WHEAT\INI\Proj_HeatNewNames\95_06\HEAT_95_06_BehandlungN240.ini;HumeWheatPartitioning1;ExternalValue;PARi4;[W/m2];NA;[HumeWheatLeafArea1];
Q:\WHEAT\INI\Proj_HeatNewNames\95_06\HEAT_95_06_BehandlungN240.ini;HumeWheatPartitioning1;ExternalValue;potSLA;[cm2/g];NA;[HumeWheatLeafArea1];
Q:\WHEAT\INI\Proj_HeatNewNames\95_06\HEAT_95_06_BehandlungN240.ini;HumeWheatPartitioning1;ExternalValue;PSIroot;;NA;SoilNitrogenUp1;wheighted of root water potential
Q:\WHEAT\INI\Proj_HeatNewNames\95_06\HEAT_95_06_BehandlungN240.ini;HumeWheatPartitioning1;ExternalValue;SumLAL;;NA;[HumeWheatLeafArea1];
Q:\WHEAT\INI\Proj_HeatNewNames\95_06\HEAT_95_06_BehandlungN240.ini;HumeWheatPartitioning1;ExternalValue;SumMLAL;;NA;[HumeWheatLeafArea1];
Q:\WHEAT\INI\Proj_HeatNewNames\95_06\HEAT_95_06_BehandlungN240.ini;HumeWheatPartitioning1;ExternalValue;TMPM;[°C];NA;Q:\WEATHER\Proj_Heat\Wetter_HS_04_05_corrRad.txt;Daily mean temperature in degree Celsius
Q:\WHEAT\INI\Proj_HeatNewNames\95_06\HEAT_95_06_BehandlungN240.ini;HumeWheatPartitioning1;ExternalValue;TransintRatio;;NA;SoilNitrogenUp1;Ratio of actual to potential transpiration+interception
Q:\WHEAT\INI\Proj_HeatNewNames\95_06\HEAT_95_06_BehandlungN240.ini;HumeWheatPartitioning1;ExternalValue;XSTAGE;;NA;[Development1];floating point development stage according to CERES-Wheat stages
Q:\WHEAT\INI\Proj_HeatNewNames\95_06\HEAT_95_06_BehandlungN240.ini;HumeWheatPartitioning1;Option;ContOutput; NA;NA;true;Output every time step?
Q:\WHEAT\INI\Proj_HeatNewNames\95_06\HEAT_95_06_BehandlungN240.ini;HumeWheatPartitioning1;Option;FinalOutput; NA;NA;false;Output of final values in separate file?
Q:\WHEAT\INI\Proj_HeatNewNames\95_06\HEAT_95_06_BehandlungN240.ini;HumeWheatPartitioning1;Option;optDroughtimpact; NA;NA;droughtimpact;
Q:\WHEAT\INI\Proj_HeatNewNames\95_06\HEAT_95_06_BehandlungN240.ini;HumeWheatPartitioning1;Option;optNimpact; NA;NA;nonimpact;
Q:\WHEAT\INI\Proj_HeatNewNames\95_06\HEAT_95_06_BehandlungN240.ini;HumeWheatPartitioning1;Option;optRSWT; NA;NA;pothi;
Q:\WHEAT\INI\Proj_HeatNewNames\95_06\HEAT_95_06_BehandlungN240.ini;HumeWheatPartitioning1;Option;WithRoots; NA;NA;false;Option to flag that root growth is calculated within the component
